id,nombre,apellido,nempleado,puestotr,departamento
1,Terrell,Pavlitschek,00-6437150,Operator,Business Development
2,Mattheus,Pidwell,00-3915172,Biostatistician IV,Services
3,Karney,Soles,13-7347255,Help Desk Technician,Business Development
4,Annabal,Hillett,71-8078817,Geologist I,Business Development
5,Nikita,Gimeno,73-2184588,Administrative Assistant I,Services
6,Berty,Winscom,51-2699128,Community Outreach Specialist,Human Resources
7,Starla,Wearne,54-4902123,Financial Advisor,Research and Development
8,Alice,Markel,34-3628854,Clinical Specialist,Research and Development
9,Fiann,Meaking,31-0424627,Accounting Assistant IV,Legal
10,Megan,Chetwynd,00-8568655,Accounting Assistant II,Marketing
11,Kimberlyn,Munkley,32-7991505,Executive Secretary,Business Development
12,Lori,Speechly,36-7305959,Geologist III,Accounting
13,Ronna,Howman,85-4754106,Financial Analyst,Accounting
14,Lindy,Whittle,18-9898739,Health Coach II,Accounting
15,Minna,Pauleau,94-8819967,Media Manager III,Training
16,Pieter,Grove,95-3416367,VP Sales,Training
17,Trista,De Rye Barrett,73-3585562,Help Desk Operator,Engineering
18,Loleta,Guerrieri,91-5195491,Product Engineer,Legal
19,Alexa,Redmire,42-1740962,Senior Editor,Human Resources
20,Isaak,Benfell,73-9429956,Staff Accountant I,Research and Development